id,session_id,essay_index,ordering,created_at
155,0cb5b53c-9358-43ab-9246-f56a94b4b10c,1,"[""essay0001_sentence01"",""essay0001_sentence02"",""essay0001_sentence03"",""essay0001_sentence04"",""essay0001_sentence05""]",2026-03-24T06:50:59.430Z
173,0cb5b53c-9358-43ab-9246-f56a94b4b10c,2,"[""essay0002_sentence02"",""essay0002_sentence03"",""essay0002_sentence01"",""essay0002_sentence04"",""essay0002_sentence05""]",2026-03-24T06:51:45.252Z
202,0cb5b53c-9358-43ab-9246-f56a94b4b10c,3,"[""essay0003_sentence01"",""essay0003_sentence02"",""essay0003_sentence03"",""essay0003_sentence04"",""essay0003_sentence05""]",2026-03-24T06:52:46.169Z
182,0d5c3671-4e5b-44c6-a871-3af69c43d1db,1,"[""essay0001_sentence05"",""essay0001_sentence04"",""essay0001_sentence01"",""essay0001_sentence02"",""essay0001_sentence03""]",2026-03-24T06:51:52.418Z
223,0d5c3671-4e5b-44c6-a871-3af69c43d1db,2,"[""essay0002_sentence04"",""essay0002_sentence02"",""essay0002_sentence03"",""essay0002_sentence01"",""essay0002_sentence05""]",2026-03-24T06:53:41.278Z
242,0d5c3671-4e5b-44c6-a871-3af69c43d1db,3,"[""essay0003_sentence02"",""essay0003_sentence05"",""essay0003_sentence01"",""essay0003_sentence03"",""essay0003_sentence04""]",2026-03-24T06:54:55.890Z
184,0d82891c-9584-4cdf-9d42-f885c980e737,1,"[""essay0001_sentence01"",""essay0001_sentence02"",""essay0001_sentence03"",""essay0001_sentence04"",""essay0001_sentence05""]",2026-03-24T06:51:56.510Z
218,0d82891c-9584-4cdf-9d42-f885c980e737,2,"[""essay0002_sentence01"",""essay0002_sentence02"",""essay0002_sentence03"",""essay0002_sentence04"",""essay0002_sentence05""]",2026-03-24T06:53:21.988Z
235,0d82891c-9584-4cdf-9d42-f885c980e737,3,"[""essay0003_sentence01"",""essay0003_sentence02"",""essay0003_sentence03"",""essay0003_sentence04"",""essay0003_sentence05""]",2026-03-24T06:54:24.458Z
154,1013ec61-a406-4db5-8467-015dbc5b06d4,1,"[""essay0001_sentence03"",""essay0001_sentence05"",""essay0001_sentence04"",""essay0001_sentence02"",""essay0001_sentence01""]",2026-03-24T06:50:52.838Z
183,1013ec61-a406-4db5-8467-015dbc5b06d4,2,"[""essay0002_sentence02"",""essay0002_sentence04"",""essay0002_sentence03"",""essay0002_sentence01"",""essay0002_sentence05""]",2026-03-24T06:51:55.793Z
199,1013ec61-a406-4db5-8467-015dbc5b06d4,3,"[""essay0003_sentence02"",""essay0003_sentence05"",""essay0003_sentence01"",""essay0003_sentence04"",""essay0003_sentence03""]",2026-03-24T06:52:35.791Z
296,101dbee7-9de2-45d9-aac5-d221bcdce80d,1,"[""essay0001_sentence01"",""essay0001_sentence02"",""essay0001_sentence05"",""essay0001_sentence03"",""essay0001_sentence04""]",2026-03-24T07:13:03.874Z
299,101dbee7-9de2-45d9-aac5-d221bcdce80d,2,"[""essay0002_sentence01"",""essay0002_sentence02"",""essay0002_sentence03"",""essay0002_sentence04"",""essay0002_sentence05""]",2026-03-24T07:13:31.359Z
304,101dbee7-9de2-45d9-aac5-d221bcdce80d,3,"[""essay0003_sentence01"",""essay0003_sentence02"",""essay0003_sentence04"",""essay0003_sentence05"",""essay0003_sentence03""]",2026-03-24T07:13:54.236Z
317,10ce0470-45da-4950-a942-56e9247145f6,1,"[""essay0001_sentence01"",""essay0001_sentence02"",""essay0001_sentence05"",""essay0001_sentence03"",""essay0001_sentence04""]",2026-03-24T07:15:21.956Z
321,10ce0470-45da-4950-a942-56e9247145f6,2,"[""essay0002_sentence01"",""essay0002_sentence02"",""essay0002_sentence03"",""essay0002_sentence04"",""essay0002_sentence05""]",2026-03-24T07:15:46.056Z
323,10ce0470-45da-4950-a942-56e9247145f6,3,"[""essay0003_sentence01"",""essay0003_sentence02"",""essay0003_sentence03"",""essay0003_sentence04"",""essay0003_sentence05""]",2026-03-24T07:16:00.871Z
187,13c92b3a-c22e-48cb-8d02-8ed4b3495c9c,1,"[""essay0001_sentence02"",""essay0001_sentence05"",""essay0001_sentence01"",""essay0001_sentence04"",""essay0001_sentence03""]",2026-03-24T06:51:59.966Z
208,13c92b3a-c22e-48cb-8d02-8ed4b3495c9c,2,"[""essay0002_sentence01"",""essay0002_sentence02"",""essay0002_sentence03"",""essay0002_sentence04"",""essay0002_sentence05""]",2026-03-24T06:53:02.784Z
229,13c92b3a-c22e-48cb-8d02-8ed4b3495c9c,3,"[""essay0003_sentence05"",""essay0003_sentence01"",""essay0003_sentence02"",""essay0003_sentence03"",""essay0003_sentence04""]",2026-03-24T06:54:02.282Z
159,1f122fcc-377e-4d96-835c-19571a146df0,1,"[""essay0001_sentence02"",""essay0001_sentence04"",""essay0001_sentence01"",""essay0001_sentence03"",""essay0001_sentence05""]",2026-03-24T06:51:05.307Z
181,1f122fcc-377e-4d96-835c-19571a146df0,2,"[""essay0002_sentence02"",""essay0002_sentence04"",""essay0002_sentence03"",""essay0002_sentence01"",""essay0002_sentence05""]",2026-03-24T06:51:51.707Z
194,1f122fcc-377e-4d96-835c-19571a146df0,3,"[""essay0003_sentence01"",""essay0003_sentence02"",""essay0003_sentence03"",""essay0003_sentence04"",""essay0003_sentence05""]",2026-03-24T06:52:21.416Z
270,21cece40-a1aa-4764-895a-a29554b2e3a4,1,"[""essay0001_sentence03"",""essay0001_sentence02"",""essay0001_sentence05"",""essay0001_sentence04"",""essay0001_sentence01""]",2026-03-24T07:11:41.148Z
287,21cece40-a1aa-4764-895a-a29554b2e3a4,2,"[""essay0002_sentence01"",""essay0002_sentence02"",""essay0002_sentence03"",""essay0002_sentence04"",""essay0002_sentence05""]",2026-03-24T07:12:26.890Z
290,21cece40-a1aa-4764-895a-a29554b2e3a4,3,"[""essay0003_sentence01"",""essay0003_sentence02"",""essay0003_sentence03"",""essay0003_sentence04"",""essay0003_sentence05""]",2026-03-24T07:12:35.453Z
272,28450cde-2982-4aee-8770-5d20e681b626,1,"[""essay0001_sentence01"",""essay0001_sentence02"",""essay0001_sentence03"",""essay0001_sentence04"",""essay0001_sentence05""]",2026-03-24T07:11:48.710Z
277,28450cde-2982-4aee-8770-5d20e681b626,2,"[""essay0002_sentence01"",""essay0002_sentence04"",""essay0002_sentence02"",""essay0002_sentence03"",""essay0002_sentence05""]",2026-03-24T07:12:01.402Z
282,28450cde-2982-4aee-8770-5d20e681b626,3,"[""essay0003_sentence03"",""essay0003_sentence05"",""essay0003_sentence01"",""essay0003_sentence02"",""essay0003_sentence04""]",2026-03-24T07:12:13.300Z
192,2af3b490-b6e8-40c2-8b85-cfa280ac6905,1,"[""essay0001_sentence01"",""essay0001_sentence02"",""essay0001_sentence03"",""essay0001_sentence04"",""essay0001_sentence05""]",2026-03-24T06:52:20.014Z
217,2af3b490-b6e8-40c2-8b85-cfa280ac6905,2,"[""essay0002_sentence01"",""essay0002_sentence02"",""essay0002_sentence03"",""essay0002_sentence04"",""essay0002_sentence05""]",2026-03-24T06:53:17.807Z
237,2af3b490-b6e8-40c2-8b85-cfa280ac6905,3,"[""essay0003_sentence01"",""essay0003_sentence02"",""essay0003_sentence03"",""essay0003_sentence04"",""essay0003_sentence05""]",2026-03-24T06:54:29.181Z
263,2e1928bd-3a92-4c28-b5d8-0007e75eefdf,1,"[""essay0001_sentence03"",""essay0001_sentence04"",""essay0001_sentence01"",""essay0001_sentence02"",""essay0001_sentence05""]",2026-03-24T07:11:13.878Z
266,2e1928bd-3a92-4c28-b5d8-0007e75eefdf,2,"[""essay0002_sentence01"",""essay0002_sentence02"",""essay0002_sentence04"",""essay0002_sentence03"",""essay0002_sentence05""]",2026-03-24T07:11:27.669Z
269,2e1928bd-3a92-4c28-b5d8-0007e75eefdf,3,"[""essay0003_sentence01"",""essay0003_sentence02"",""essay0003_sentence04"",""essay0003_sentence03"",""essay0003_sentence05""]",2026-03-24T07:11:39.903Z
138,2f601dd0-6b8f-459d-90ab-3d4ae9eac4fc,1,"[""essay0001_sentence03"",""essay0001_sentence01"",""essay0001_sentence02"",""essay0001_sentence04"",""essay0001_sentence05""]",2026-03-24T05:18:36.130Z
139,2f601dd0-6b8f-459d-90ab-3d4ae9eac4fc,2,"[""essay0002_sentence01"",""essay0002_sentence05"",""essay0002_sentence02"",""essay0002_sentence04"",""essay0002_sentence03""]",2026-03-24T05:48:00.852Z
140,2f601dd0-6b8f-459d-90ab-3d4ae9eac4fc,3,"[""essay0003_sentence01"",""essay0003_sentence02"",""essay0003_sentence03"",""essay0003_sentence04"",""essay0003_sentence05""]",2026-03-24T05:48:24.967Z
216,30bfee22-9825-4049-8354-d41f225ecfef,1,"[""essay0001_sentence05"",""essay0001_sentence04"",""essay0001_sentence03"",""essay0001_sentence01"",""essay0001_sentence02""]",2026-03-24T06:53:15.435Z
241,30bfee22-9825-4049-8354-d41f225ecfef,2,"[""essay0002_sentence02"",""essay0002_sentence03"",""essay0002_sentence04"",""essay0002_sentence05"",""essay0002_sentence01""]",2026-03-24T06:54:53.971Z
247,30bfee22-9825-4049-8354-d41f225ecfef,3,"[""essay0003_sentence05"",""essay0003_sentence02"",""essay0003_sentence01"",""essay0003_sentence04"",""essay0003_sentence03""]",2026-03-24T06:55:33.953Z
243,355938bb-de18-4b42-8dc3-3441618c36b7,1,"[""essay0001_sentence01"",""essay0001_sentence04"",""essay0001_sentence02"",""essay0001_sentence05"",""essay0001_sentence03""]",2026-03-24T06:55:01.454Z
186,39e72ebb-d323-47f3-83ce-d718ad67ce1c,1,"[""essay0001_sentence01"",""essay0001_sentence02"",""essay0001_sentence03"",""essay0001_sentence04"",""essay0001_sentence05""]",2026-03-24T06:51:58.764Z
206,39e72ebb-d323-47f3-83ce-d718ad67ce1c,2,"[""essay0002_sentence01"",""essay0002_sentence02"",""essay0002_sentence03"",""essay0002_sentence04"",""essay0002_sentence05""]",2026-03-24T06:52:57.361Z
222,39e72ebb-d323-47f3-83ce-d718ad67ce1c,3,"[""essay0003_sentence01"",""essay0003_sentence02"",""essay0003_sentence03"",""essay0003_sentence04"",""essay0003_sentence05""]",2026-03-24T06:53:38.114Z
221,3cd4cdb7-1fb5-40ae-8a96-e299c7c7ce2f,1,"[""essay0001_sentence05"",""essay0001_sentence04"",""essay0001_sentence03"",""essay0001_sentence01"",""essay0001_sentence02""]",2026-03-24T06:53:33.638Z
251,3cd4cdb7-1fb5-40ae-8a96-e299c7c7ce2f,2,"[""essay0002_sentence02"",""essay0002_sentence03"",""essay0002_sentence01"",""essay0002_sentence04"",""essay0002_sentence05""]",2026-03-24T06:56:00.242Z
164,4144dad1-655a-4b37-b2b8-9a99a8175678,1,"[""essay0001_sentence01"",""essay0001_sentence02"",""essay0001_sentence03"",""essay0001_sentence05"",""essay0001_sentence04""]",2026-03-24T06:51:28.644Z
209,4144dad1-655a-4b37-b2b8-9a99a8175678,2,"[""essay0002_sentence02"",""essay0002_sentence05"",""essay0002_sentence01"",""essay0002_sentence03"",""essay0002_sentence04""]",2026-03-24T06:53:03.631Z
233,4144dad1-655a-4b37-b2b8-9a99a8175678,3,"[""essay0003_sentence02"",""essay0003_sentence04"",""essay0003_sentence01"",""essay0003_sentence05"",""essay0003_sentence03""]",2026-03-24T06:54:20.175Z
175,4d9f6aa1-0bd6-4aa7-8b86-69b52129f9fa,1,"[""essay0001_sentence04"",""essay0001_sentence02"",""essay0001_sentence03"",""essay0001_sentence05"",""essay0001_sentence01""]",2026-03-24T06:51:48.636Z
224,4d9f6aa1-0bd6-4aa7-8b86-69b52129f9fa,2,"[""essay0002_sentence01"",""essay0002_sentence02"",""essay0002_sentence03"",""essay0002_sentence04"",""essay0002_sentence05""]",2026-03-24T06:53:42.336Z
276,4e1346d7-cac4-488f-9ef4-a448a6d0588f,1,"[""essay0001_sentence01"",""essay0001_sentence02"",""essay0001_sentence03"",""essay0001_sentence04"",""essay0001_sentence05""]",2026-03-24T07:11:59.556Z
144,5819505a-95b7-41f3-a930-95b9608e69af,1,"[""essay0001_sentence01"",""essay0001_sentence04"",""essay0001_sentence02"",""essay0001_sentence03"",""essay0001_sentence05""]",2026-03-24T06:15:51.950Z
146,5819505a-95b7-41f3-a930-95b9608e69af,2,"[""essay0002_sentence02"",""essay0002_sentence01"",""essay0002_sentence04"",""essay0002_sentence03"",""essay0002_sentence05""]",2026-03-24T06:16:01.979Z
147,5819505a-95b7-41f3-a930-95b9608e69af,3,"[""essay0003_sentence05"",""essay0003_sentence01"",""essay0003_sentence03"",""essay0003_sentence02"",""essay0003_sentence04""]",2026-03-24T06:16:14.590Z
281,58fc141e-cf3e-44cb-84ab-37545a74d486,1,"[""essay0001_sentence01"",""essay0001_sentence02"",""essay0001_sentence03"",""essay0001_sentence04"",""essay0001_sentence05""]",2026-03-24T07:12:11.179Z
285,58fc141e-cf3e-44cb-84ab-37545a74d486,2,"[""essay0002_sentence01"",""essay0002_sentence02"",""essay0002_sentence04"",""essay0002_sentence03"",""essay0002_sentence05""]",2026-03-24T07:12:24.592Z
293,58fc141e-cf3e-44cb-84ab-37545a74d486,3,"[""essay0003_sentence01"",""essay0003_sentence02"",""essay0003_sentence04"",""essay0003_sentence03"",""essay0003_sentence05""]",2026-03-24T07:12:46.125Z
273,5b6a51a9-3530-4834-a4a4-a2d7d2e15e2a,1,"[""essay0001_sentence01"",""essay0001_sentence02"",""essay0001_sentence03"",""essay0001_sentence04"",""essay0001_sentence05""]",2026-03-24T07:11:53.158Z
280,5b6a51a9-3530-4834-a4a4-a2d7d2e15e2a,2,"[""essay0002_sentence01"",""essay0002_sentence02"",""essay0002_sentence04"",""essay0002_sentence03"",""essay0002_sentence05""]",2026-03-24T07:12:09.914Z
286,5b6a51a9-3530-4834-a4a4-a2d7d2e15e2a,3,"[""essay0003_sentence01"",""essay0003_sentence02"",""essay0003_sentence05"",""essay0003_sentence04"",""essay0003_sentence03""]",2026-03-24T07:12:24.747Z
320,5fe90772-597b-4c5a-ad3c-2dd2cdef4897,1,"[""essay0001_sentence01"",""essay0001_sentence02"",""essay0001_sentence03"",""essay0001_sentence04"",""essay0001_sentence05""]",2026-03-24T07:15:45.298Z
325,5fe90772-597b-4c5a-ad3c-2dd2cdef4897,2,"[""essay0002_sentence01"",""essay0002_sentence02"",""essay0002_sentence03"",""essay0002_sentence04"",""essay0002_sentence05""]",2026-03-24T07:16:05.061Z
327,5fe90772-597b-4c5a-ad3c-2dd2cdef4897,3,"[""essay0003_sentence01"",""essay0003_sentence02"",""essay0003_sentence03"",""essay0003_sentence04"",""essay0003_sentence05""]",2026-03-24T07:16:17.376Z
265,61daf14c-0006-44d1-aa48-e6968ae36f33,1,"[""essay0001_sentence02"",""essay0001_sentence03"",""essay0001_sentence04"",""essay0001_sentence01"",""essay0001_sentence05""]",2026-03-24T07:11:23.380Z
291,61daf14c-0006-44d1-aa48-e6968ae36f33,2,"[""essay0002_sentence01"",""essay0002_sentence03"",""essay0002_sentence02"",""essay0002_sentence05"",""essay0002_sentence04""]",2026-03-24T07:12:38.795Z
298,61daf14c-0006-44d1-aa48-e6968ae36f33,3,"[""essay0003_sentence01"",""essay0003_sentence02"",""essay0003_sentence04"",""essay0003_sentence03"",""essay0003_sentence05""]",2026-03-24T07:13:15.044Z
150,690e6f55-5517-4d7c-a3ae-5745796fb6fa,1,"[""essay0001_sentence01"",""essay0001_sentence02"",""essay0001_sentence05"",""essay0001_sentence03"",""essay0001_sentence04""]",2026-03-24T06:35:25.965Z
151,690e6f55-5517-4d7c-a3ae-5745796fb6fa,2,"[""essay0002_sentence01"",""essay0002_sentence04"",""essay0002_sentence03"",""essay0002_sentence02"",""essay0002_sentence05""]",2026-03-24T06:35:36.190Z
152,690e6f55-5517-4d7c-a3ae-5745796fb6fa,3,"[""essay0003_sentence01"",""essay0003_sentence04"",""essay0003_sentence02"",""essay0003_sentence03"",""essay0003_sentence05""]",2026-03-24T06:35:46.923Z
257,7355251d-990d-4bd5-a322-90a3e725fe6b,1,"[""essay0001_sentence01"",""essay0001_sentence05"",""essay0001_sentence02"",""essay0001_sentence03"",""essay0001_sentence04""]",2026-03-24T07:10:46.757Z
262,7355251d-990d-4bd5-a322-90a3e725fe6b,2,"[""essay0002_sentence05"",""essay0002_sentence01"",""essay0002_sentence03"",""essay0002_sentence02"",""essay0002_sentence04""]",2026-03-24T07:11:11.641Z
268,7355251d-990d-4bd5-a322-90a3e725fe6b,3,"[""essay0003_sentence03"",""essay0003_sentence01"",""essay0003_sentence02"",""essay0003_sentence04"",""essay0003_sentence05""]",2026-03-24T07:11:38.095Z
188,7515f6ea-089f-4bbc-9c4a-760dbc5611bb,1,"[""essay0001_sentence01"",""essay0001_sentence02"",""essay0001_sentence03"",""essay0001_sentence04"",""essay0001_sentence05""]",2026-03-24T06:52:01.826Z
212,7515f6ea-089f-4bbc-9c4a-760dbc5611bb,2,"[""essay0002_sentence01"",""essay0002_sentence03"",""essay0002_sentence02"",""essay0002_sentence04"",""essay0002_sentence05""]",2026-03-24T06:53:07.986Z
220,7515f6ea-089f-4bbc-9c4a-760dbc5611bb,3,"[""essay0003_sentence01"",""essay0003_sentence02"",""essay0003_sentence03"",""essay0003_sentence04"",""essay0003_sentence05""]",2026-03-24T06:53:32.515Z
219,78b7a1c5-7dca-49b0-af44-edaf200d1e04,1,"[""essay0001_sentence01"",""essay0001_sentence02"",""essay0001_sentence04"",""essay0001_sentence03"",""essay0001_sentence05""]",2026-03-24T06:53:25.172Z
249,78b7a1c5-7dca-49b0-af44-edaf200d1e04,2,"[""essay0002_sentence01"",""essay0002_sentence02"",""essay0002_sentence03"",""essay0002_sentence04"",""essay0002_sentence05""]",2026-03-24T06:55:41.478Z
255,78b7a1c5-7dca-49b0-af44-edaf200d1e04,3,"[""essay0003_sentence01"",""essay0003_sentence02"",""essay0003_sentence03"",""essay0003_sentence04"",""essay0003_sentence05""]",2026-03-24T07:00:37.840Z
258,7fd86570-7499-4f1a-9a8a-cfd57b64fc10,1,"[""essay0001_sentence01"",""essay0001_sentence02"",""essay0001_sentence03"",""essay0001_sentence04"",""essay0001_sentence05""]",2026-03-24T07:10:48.416Z
259,7fd86570-7499-4f1a-9a8a-cfd57b64fc10,2,"[""essay0002_sentence01"",""essay0002_sentence02"",""essay0002_sentence03"",""essay0002_sentence04"",""essay0002_sentence05""]",2026-03-24T07:10:57.775Z
260,7fd86570-7499-4f1a-9a8a-cfd57b64fc10,3,"[""essay0003_sentence01"",""essay0003_sentence03"",""essay0003_sentence02"",""essay0003_sentence04"",""essay0003_sentence05""]",2026-03-24T07:11:05.879Z
160,816750da-2886-4174-b5f3-ff215e08c473,1,"[""essay0001_sentence01"",""essay0001_sentence03"",""essay0001_sentence02"",""essay0001_sentence04"",""essay0001_sentence05""]",2026-03-24T06:51:09.078Z
190,816750da-2886-4174-b5f3-ff215e08c473,2,"[""essay0002_sentence02"",""essay0002_sentence03"",""essay0002_sentence01"",""essay0002_sentence04"",""essay0002_sentence05""]",2026-03-24T06:52:11.306Z
211,816750da-2886-4174-b5f3-ff215e08c473,3,"[""essay0003_sentence01"",""essay0003_sentence03"",""essay0003_sentence02"",""essay0003_sentence04"",""essay0003_sentence05""]",2026-03-24T06:53:06.679Z
167,84d37ee9-8688-469d-a4da-ef2b8928b963,1,"[""essay0001_sentence02"",""essay0001_sentence04"",""essay0001_sentence05"",""essay0001_sentence03"",""essay0001_sentence01""]",2026-03-24T06:51:34.652Z
191,84d37ee9-8688-469d-a4da-ef2b8928b963,2,"[""essay0002_sentence02"",""essay0002_sentence04"",""essay0002_sentence01"",""essay0002_sentence03"",""essay0002_sentence05""]",2026-03-24T06:52:19.980Z
236,84d37ee9-8688-469d-a4da-ef2b8928b963,3,"[""essay0003_sentence01"",""essay0003_sentence05"",""essay0003_sentence02"",""essay0003_sentence04"",""essay0003_sentence03""]",2026-03-24T06:54:25.584Z
165,87762031-aa5a-41e8-b82f-3233d57ca85b,1,"[""essay0001_sentence04"",""essay0001_sentence05"",""essay0001_sentence02"",""essay0001_sentence03"",""essay0001_sentence01""]",2026-03-24T06:51:30.237Z
200,87762031-aa5a-41e8-b82f-3233d57ca85b,2,"[""essay0002_sentence01"",""essay0002_sentence02"",""essay0002_sentence03"",""essay0002_sentence04"",""essay0002_sentence05""]",2026-03-24T06:52:39.032Z
239,87762031-aa5a-41e8-b82f-3233d57ca85b,3,"[""essay0003_sentence04"",""essay0003_sentence01"",""essay0003_sentence03"",""essay0003_sentence02"",""essay0003_sentence05""]",2026-03-24T06:54:32.986Z
284,8d287daf-05b5-4e0c-b56f-68d0d7ec6d95,1,"[""essay0001_sentence04"",""essay0001_sentence01"",""essay0001_sentence03"",""essay0001_sentence02"",""essay0001_sentence05""]",2026-03-24T07:12:24.464Z
169,8fc8a9b4-c0ec-4683-b599-f038469f4515,1,"[""essay0001_sentence01"",""essay0001_sentence02"",""essay0001_sentence03"",""essay0001_sentence04"",""essay0001_sentence05""]",2026-03-24T06:51:37.242Z
203,8fc8a9b4-c0ec-4683-b599-f038469f4515,2,"[""essay0002_sentence01"",""essay0002_sentence02"",""essay0002_sentence03"",""essay0002_sentence04"",""essay0002_sentence05""]",2026-03-24T06:52:48.536Z
244,8fc8a9b4-c0ec-4683-b599-f038469f4515,3,"[""essay0003_sentence01"",""essay0003_sentence03"",""essay0003_sentence02"",""essay0003_sentence04"",""essay0003_sentence05""]",2026-03-24T06:55:12.044Z
156,9170a8f4-a57b-4ee6-af19-3a173885911d,1,"[""essay0001_sentence02"",""essay0001_sentence01"",""essay0001_sentence04"",""essay0001_sentence03"",""essay0001_sentence05""]",2026-03-24T06:51:00.398Z
189,9170a8f4-a57b-4ee6-af19-3a173885911d,2,"[""essay0002_sentence02"",""essay0002_sentence03"",""essay0002_sentence01"",""essay0002_sentence04"",""essay0002_sentence05""]",2026-03-24T06:52:02.298Z
201,9170a8f4-a57b-4ee6-af19-3a173885911d,3,"[""essay0003_sentence02"",""essay0003_sentence05"",""essay0003_sentence01"",""essay0003_sentence03"",""essay0003_sentence04""]",2026-03-24T06:52:43.242Z
197,9a0655e5-4ef1-4c03-bdc8-54069d1cebfb,1,"[""essay0001_sentence03"",""essay0001_sentence04"",""essay0001_sentence02"",""essay0001_sentence05"",""essay0001_sentence01""]",2026-03-24T06:52:27.245Z
226,9a0655e5-4ef1-4c03-bdc8-54069d1cebfb,2,"[""essay0002_sentence02"",""essay0002_sentence03"",""essay0002_sentence05"",""essay0002_sentence04"",""essay0002_sentence01""]",2026-03-24T06:53:48.732Z
248,9a0655e5-4ef1-4c03-bdc8-54069d1cebfb,3,"[""essay0003_sentence02"",""essay0003_sentence05"",""essay0003_sentence04"",""essay0003_sentence01"",""essay0003_sentence03""]",2026-03-24T06:55:34.369Z
261,9cad3b18-0c16-436c-b659-04ae1ea211de,1,"[""essay0001_sentence01"",""essay0001_sentence03"",""essay0001_sentence02"",""essay0001_sentence04"",""essay0001_sentence05""]",2026-03-24T07:11:07.446Z
275,9cad3b18-0c16-436c-b659-04ae1ea211de,2,"[""essay0002_sentence01"",""essay0002_sentence02"",""essay0002_sentence05"",""essay0002_sentence04"",""essay0002_sentence03""]",2026-03-24T07:11:57.058Z
279,9cad3b18-0c16-436c-b659-04ae1ea211de,3,"[""essay0003_sentence03"",""essay0003_sentence01"",""essay0003_sentence02"",""essay0003_sentence04"",""essay0003_sentence05""]",2026-03-24T07:12:05.313Z
141,a8e9236a-4e78-48a4-8fc6-c9fcbbc722da,1,"[""essay0001_sentence01"",""essay0001_sentence02"",""essay0001_sentence03"",""essay0001_sentence04"",""essay0001_sentence05""]",2026-03-24T05:57:35.455Z
142,a8e9236a-4e78-48a4-8fc6-c9fcbbc722da,2,"[""essay0002_sentence01"",""essay0002_sentence02"",""essay0002_sentence03"",""essay0002_sentence04"",""essay0002_sentence05""]",2026-03-24T05:57:59.667Z
143,a8e9236a-4e78-48a4-8fc6-c9fcbbc722da,3,"[""essay0003_sentence01"",""essay0003_sentence02"",""essay0003_sentence03"",""essay0003_sentence04"",""essay0003_sentence05""]",2026-03-24T05:58:22.796Z
256,af3e8b8f-3f7c-42a3-8515-e22725b964bf,1,"[""essay0001_sentence01"",""essay0001_sentence03"",""essay0001_sentence02"",""essay0001_sentence04"",""essay0001_sentence05""]",2026-03-24T07:10:27.020Z
254,b1f005c6-fc6b-45ce-a74b-1762bba0c31b,1,"[""essay0001_sentence02"",""essay0001_sentence01"",""essay0001_sentence03"",""essay0001_sentence04"",""essay0001_sentence05""]",2026-03-24T06:58:15.563Z
176,b1f1ca7b-3e68-4ffa-99d8-b3bc29124882,1,"[""essay0001_sentence01"",""essay0001_sentence02"",""essay0001_sentence03"",""essay0001_sentence04"",""essay0001_sentence05""]",2026-03-24T06:51:48.846Z
214,b1f1ca7b-3e68-4ffa-99d8-b3bc29124882,2,"[""essay0002_sentence01"",""essay0002_sentence02"",""essay0002_sentence03"",""essay0002_sentence04"",""essay0002_sentence05""]",2026-03-24T06:53:09.446Z
231,b1f1ca7b-3e68-4ffa-99d8-b3bc29124882,3,"[""essay0003_sentence01"",""essay0003_sentence02"",""essay0003_sentence03"",""essay0003_sentence04"",""essay0003_sentence05""]",2026-03-24T06:54:09.055Z
267,b4241dc0-dd0f-476f-b703-0db1e54d326b,1,"[""essay0001_sentence01"",""essay0001_sentence05"",""essay0001_sentence02"",""essay0001_sentence03"",""essay0001_sentence04""]",2026-03-24T07:11:34.490Z
295,b4241dc0-dd0f-476f-b703-0db1e54d326b,2,"[""essay0002_sentence01"",""essay0002_sentence02"",""essay0002_sentence03"",""essay0002_sentence04"",""essay0002_sentence05""]",2026-03-24T07:13:01.399Z
297,b4241dc0-dd0f-476f-b703-0db1e54d326b,3,"[""essay0003_sentence01"",""essay0003_sentence04"",""essay0003_sentence02"",""essay0003_sentence03"",""essay0003_sentence05""]",2026-03-24T07:13:13.247Z
161,b433fac4-d49f-4ee8-ab2b-efd51f399b86,1,"[""essay0001_sentence05"",""essay0001_sentence04"",""essay0001_sentence03"",""essay0001_sentence01"",""essay0001_sentence02""]",2026-03-24T06:51:13.596Z
178,b433fac4-d49f-4ee8-ab2b-efd51f399b86,2,"[""essay0002_sentence04"",""essay0002_sentence05"",""essay0002_sentence03"",""essay0002_sentence01"",""essay0002_sentence02""]",2026-03-24T06:51:50.773Z
195,b433fac4-d49f-4ee8-ab2b-efd51f399b86,3,"[""essay0003_sentence01"",""essay0003_sentence05"",""essay0003_sentence04"",""essay0003_sentence02"",""essay0003_sentence03""]",2026-03-24T06:52:24.864Z
274,b53479f7-2a8e-43ee-b8e0-7ca5ecec7da0,1,"[""essay0001_sentence02"",""essay0001_sentence01"",""essay0001_sentence03"",""essay0001_sentence04"",""essay0001_sentence05""]",2026-03-24T07:11:56.184Z
289,b53479f7-2a8e-43ee-b8e0-7ca5ecec7da0,2,"[""essay0002_sentence01"",""essay0002_sentence02"",""essay0002_sentence03"",""essay0002_sentence04"",""essay0002_sentence05""]",2026-03-24T07:12:32.774Z
294,b53479f7-2a8e-43ee-b8e0-7ca5ecec7da0,3,"[""essay0003_sentence01"",""essay0003_sentence02"",""essay0003_sentence03"",""essay0003_sentence04"",""essay0003_sentence05""]",2026-03-24T07:12:56.584Z
158,b6259e9b-3065-4651-9a60-deaf3158dbb6,1,"[""essay0001_sentence02"",""essay0001_sentence01"",""essay0001_sentence03"",""essay0001_sentence04"",""essay0001_sentence05""]",2026-03-24T06:51:04.958Z
171,b6259e9b-3065-4651-9a60-deaf3158dbb6,2,"[""essay0002_sentence04"",""essay0002_sentence01"",""essay0002_sentence02"",""essay0002_sentence03"",""essay0002_sentence05""]",2026-03-24T06:51:43.230Z
193,b6259e9b-3065-4651-9a60-deaf3158dbb6,3,"[""essay0003_sentence01"",""essay0003_sentence02"",""essay0003_sentence03"",""essay0003_sentence04"",""essay0003_sentence05""]",2026-03-24T06:52:20.226Z
339,b74791d6-56db-42c6-8627-334bf28562bc,1,"[""essay0001_sentence01"",""essay0001_sentence02"",""essay0001_sentence03"",""essay0001_sentence05"",""essay0001_sentence04""]",2026-03-24T09:17:39.575Z
340,b74791d6-56db-42c6-8627-334bf28562bc,2,"[""essay0002_sentence01"",""essay0002_sentence04"",""essay0002_sentence03"",""essay0002_sentence02"",""essay0002_sentence05""]",2026-03-24T09:17:56.512Z
341,b74791d6-56db-42c6-8627-334bf28562bc,3,"[""essay0003_sentence02"",""essay0003_sentence03"",""essay0003_sentence01"",""essay0003_sentence04"",""essay0003_sentence05""]",2026-03-24T09:18:07.731Z
145,bb906bfc-3f63-483f-9cc9-01e5c012c071,1,"[""essay0001_sentence01"",""essay0001_sentence02"",""essay0001_sentence03"",""essay0001_sentence04"",""essay0001_sentence05""]",2026-03-24T06:16:01.346Z
148,bb906bfc-3f63-483f-9cc9-01e5c012c071,2,"[""essay0002_sentence01"",""essay0002_sentence02"",""essay0002_sentence03"",""essay0002_sentence04"",""essay0002_sentence05""]",2026-03-24T06:16:26.464Z
149,bb906bfc-3f63-483f-9cc9-01e5c012c071,3,"[""essay0003_sentence01"",""essay0003_sentence02"",""essay0003_sentence03"",""essay0003_sentence04"",""essay0003_sentence05""]",2026-03-24T06:16:53.485Z
301,c59b4fe7-6bc4-45d3-be0d-6a9928077a4b,1,"[""essay0001_sentence01"",""essay0001_sentence02"",""essay0001_sentence03"",""essay0001_sentence04"",""essay0001_sentence05""]",2026-03-24T07:13:45.526Z
305,c59b4fe7-6bc4-45d3-be0d-6a9928077a4b,2,"[""essay0002_sentence03"",""essay0002_sentence01"",""essay0002_sentence02"",""essay0002_sentence04"",""essay0002_sentence05""]",2026-03-24T07:13:56.523Z
307,c59b4fe7-6bc4-45d3-be0d-6a9928077a4b,3,"[""essay0003_sentence01"",""essay0003_sentence02"",""essay0003_sentence03"",""essay0003_sentence04"",""essay0003_sentence05""]",2026-03-24T07:14:04.014Z
310,c70e5be2-b601-4eb6-99bd-6d7e998e7c0b,1,"[""essay0001_sentence01"",""essay0001_sentence02"",""essay0001_sentence03"",""essay0001_sentence04"",""essay0001_sentence05""]",2026-03-24T07:14:14.327Z
314,c70e5be2-b601-4eb6-99bd-6d7e998e7c0b,2,"[""essay0002_sentence02"",""essay0002_sentence01"",""essay0002_sentence03"",""essay0002_sentence04"",""essay0002_sentence05""]",2026-03-24T07:15:05.369Z
316,c70e5be2-b601-4eb6-99bd-6d7e998e7c0b,3,"[""essay0003_sentence01"",""essay0003_sentence02"",""essay0003_sentence03"",""essay0003_sentence04"",""essay0003_sentence05""]",2026-03-24T07:15:15.240Z
271,c716df01-ff8e-43fe-ae4c-09745841029f,1,"[""essay0001_sentence01"",""essay0001_sentence04"",""essay0001_sentence02"",""essay0001_sentence03"",""essay0001_sentence05""]",2026-03-24T07:11:46.294Z
302,c716df01-ff8e-43fe-ae4c-09745841029f,2,"[""essay0002_sentence01"",""essay0002_sentence05"",""essay0002_sentence02"",""essay0002_sentence03"",""essay0002_sentence04""]",2026-03-24T07:13:47.021Z
309,c716df01-ff8e-43fe-ae4c-09745841029f,3,"[""essay0003_sentence01"",""essay0003_sentence03"",""essay0003_sentence04"",""essay0003_sentence05"",""essay0003_sentence02""]",2026-03-24T07:14:12.373Z
328,cc276354-92fd-437f-b288-0d67aee94258,1,"[""essay0001_sentence01"",""essay0001_sentence02"",""essay0001_sentence03"",""essay0001_sentence04"",""essay0001_sentence05""]",2026-03-24T07:16:44.698Z
330,cc276354-92fd-437f-b288-0d67aee94258,2,"[""essay0002_sentence01"",""essay0002_sentence02"",""essay0002_sentence03"",""essay0002_sentence04"",""essay0002_sentence05""]",2026-03-24T07:17:08.035Z
333,cc276354-92fd-437f-b288-0d67aee94258,3,"[""essay0003_sentence01"",""essay0003_sentence02"",""essay0003_sentence03"",""essay0003_sentence04"",""essay0003_sentence05""]",2026-03-24T07:17:40.505Z
172,ce7f1d00-5429-4c2d-8e97-3d08840f31a3,1,"[""essay0001_sentence01"",""essay0001_sentence02"",""essay0001_sentence03"",""essay0001_sentence04"",""essay0001_sentence05""]",2026-03-24T06:51:45.148Z
198,ce7f1d00-5429-4c2d-8e97-3d08840f31a3,2,"[""essay0002_sentence05"",""essay0002_sentence03"",""essay0002_sentence01"",""essay0002_sentence02"",""essay0002_sentence04""]",2026-03-24T06:52:30.169Z
210,ce7f1d00-5429-4c2d-8e97-3d08840f31a3,3,"[""essay0003_sentence01"",""essay0003_sentence02"",""essay0003_sentence03"",""essay0003_sentence04"",""essay0003_sentence05""]",2026-03-24T06:53:04.945Z
162,d0c03a15-0b20-4be1-9e50-6e0cf7f87099,1,"[""essay0001_sentence01"",""essay0001_sentence02"",""essay0001_sentence05"",""essay0001_sentence04"",""essay0001_sentence03""]",2026-03-24T06:51:20.348Z
170,d0c03a15-0b20-4be1-9e50-6e0cf7f87099,2,"[""essay0002_sentence01"",""essay0002_sentence02"",""essay0002_sentence03"",""essay0002_sentence04"",""essay0002_sentence05""]",2026-03-24T06:51:40.725Z
180,d0c03a15-0b20-4be1-9e50-6e0cf7f87099,3,"[""essay0003_sentence01"",""essay0003_sentence02"",""essay0003_sentence03"",""essay0003_sentence04"",""essay0003_sentence05""]",2026-03-24T06:51:51.472Z
252,d27f2015-39f2-4cc9-8f15-38751e8678c5,1,"[""essay0001_sentence01"",""essay0001_sentence02"",""essay0001_sentence03"",""essay0001_sentence04"",""essay0001_sentence05""]",2026-03-24T06:56:10.965Z
300,d295e0a1-1461-46ed-9293-648b8936cf05,1,"[""essay0001_sentence03"",""essay0001_sentence04"",""essay0001_sentence05"",""essay0001_sentence02"",""essay0001_sentence01""]",2026-03-24T07:13:44.103Z
311,d295e0a1-1461-46ed-9293-648b8936cf05,2,"[""essay0002_sentence04"",""essay0002_sentence05"",""essay0002_sentence01"",""essay0002_sentence03"",""essay0002_sentence02""]",2026-03-24T07:14:35.301Z
315,d295e0a1-1461-46ed-9293-648b8936cf05,3,"[""essay0003_sentence05"",""essay0003_sentence01"",""essay0003_sentence02"",""essay0003_sentence03"",""essay0003_sentence04""]",2026-03-24T07:15:09.554Z
303,d410c4b2-abee-4160-8269-1cfaa8679b2a,1,"[""essay0001_sentence03"",""essay0001_sentence01"",""essay0001_sentence02"",""essay0001_sentence04"",""essay0001_sentence05""]",2026-03-24T07:13:49.955Z
306,d410c4b2-abee-4160-8269-1cfaa8679b2a,2,"[""essay0002_sentence04"",""essay0002_sentence01"",""essay0002_sentence02"",""essay0002_sentence03"",""essay0002_sentence05""]",2026-03-24T07:14:00.326Z
308,d410c4b2-abee-4160-8269-1cfaa8679b2a,3,"[""essay0003_sentence01"",""essay0003_sentence02"",""essay0003_sentence03"",""essay0003_sentence04"",""essay0003_sentence05""]",2026-03-24T07:14:11.748Z
168,d5fa2e44-89d8-4bb5-91af-f69c44548baf,1,"[""essay0001_sentence01"",""essay0001_sentence02"",""essay0001_sentence03"",""essay0001_sentence04"",""essay0001_sentence05""]",2026-03-24T06:51:36.634Z
207,d5fa2e44-89d8-4bb5-91af-f69c44548baf,2,"[""essay0002_sentence01"",""essay0002_sentence02"",""essay0002_sentence03"",""essay0002_sentence04"",""essay0002_sentence05""]",2026-03-24T06:52:57.439Z
230,d5fa2e44-89d8-4bb5-91af-f69c44548baf,3,"[""essay0003_sentence01"",""essay0003_sentence02"",""essay0003_sentence03"",""essay0003_sentence04"",""essay0003_sentence05""]",2026-03-24T06:54:04.298Z
177,d6f0ba4f-71ea-4257-87bb-62d84c429fa7,1,"[""essay0001_sentence01"",""essay0001_sentence02"",""essay0001_sentence03"",""essay0001_sentence04"",""essay0001_sentence05""]",2026-03-24T06:51:50.383Z
225,d6f0ba4f-71ea-4257-87bb-62d84c429fa7,2,"[""essay0002_sentence02"",""essay0002_sentence01"",""essay0002_sentence03"",""essay0002_sentence04"",""essay0002_sentence05""]",2026-03-24T06:53:47.420Z
250,d6f0ba4f-71ea-4257-87bb-62d84c429fa7,3,"[""essay0003_sentence03"",""essay0003_sentence01"",""essay0003_sentence02"",""essay0003_sentence04"",""essay0003_sentence05""]",2026-03-24T06:55:48.797Z
163,db4a19ec-dc9a-4c8c-a255-cec56b6dd049,1,"[""essay0001_sentence02"",""essay0001_sentence01"",""essay0001_sentence03"",""essay0001_sentence04"",""essay0001_sentence05""]",2026-03-24T06:51:22.921Z
196,db4a19ec-dc9a-4c8c-a255-cec56b6dd049,2,"[""essay0002_sentence01"",""essay0002_sentence02"",""essay0002_sentence03"",""essay0002_sentence04"",""essay0002_sentence05""]",2026-03-24T06:52:26.035Z
228,db4a19ec-dc9a-4c8c-a255-cec56b6dd049,3,"[""essay0003_sentence02"",""essay0003_sentence01"",""essay0003_sentence03"",""essay0003_sentence04"",""essay0003_sentence05""]",2026-03-24T06:53:58.925Z
313,dd155df8-b2a8-4887-b69b-983f06270d37,1,"[""essay0001_sentence03"",""essay0001_sentence01"",""essay0001_sentence02"",""essay0001_sentence04"",""essay0001_sentence05""]",2026-03-24T07:15:02.235Z
318,dd155df8-b2a8-4887-b69b-983f06270d37,2,"[""essay0002_sentence03"",""essay0002_sentence01"",""essay0002_sentence05"",""essay0002_sentence04"",""essay0002_sentence02""]",2026-03-24T07:15:29.903Z
326,dd155df8-b2a8-4887-b69b-983f06270d37,3,"[""essay0003_sentence01"",""essay0003_sentence04"",""essay0003_sentence03"",""essay0003_sentence02"",""essay0003_sentence05""]",2026-03-24T07:16:12.538Z
153,dd207896-13fb-4910-a317-06e43a3ad64a,1,"[""essay0001_sentence01"",""essay0001_sentence02"",""essay0001_sentence03"",""essay0001_sentence04"",""essay0001_sentence05""]",2026-03-24T06:50:17.582Z
157,dd207896-13fb-4910-a317-06e43a3ad64a,2,"[""essay0002_sentence01"",""essay0002_sentence02"",""essay0002_sentence03"",""essay0002_sentence04"",""essay0002_sentence05""]",2026-03-24T06:51:03.205Z
166,dd207896-13fb-4910-a317-06e43a3ad64a,3,"[""essay0003_sentence01"",""essay0003_sentence02"",""essay0003_sentence03"",""essay0003_sentence04"",""essay0003_sentence05""]",2026-03-24T06:51:31.318Z
185,e2e99e85-36a2-4eb7-b61c-d3b18fc67f08,1,"[""essay0001_sentence01"",""essay0001_sentence02"",""essay0001_sentence03"",""essay0001_sentence04"",""essay0001_sentence05""]",2026-03-24T06:51:57.173Z
215,e2e99e85-36a2-4eb7-b61c-d3b18fc67f08,2,"[""essay0002_sentence01"",""essay0002_sentence03"",""essay0002_sentence02"",""essay0002_sentence04"",""essay0002_sentence05""]",2026-03-24T06:53:13.871Z
246,e2e99e85-36a2-4eb7-b61c-d3b18fc67f08,3,"[""essay0003_sentence03"",""essay0003_sentence04"",""essay0003_sentence01"",""essay0003_sentence02"",""essay0003_sentence05""]",2026-03-24T06:55:29.932Z
174,e57001ac-8e42-443e-a431-208cb2a477d0,1,"[""essay0001_sentence03"",""essay0001_sentence01"",""essay0001_sentence02"",""essay0001_sentence04"",""essay0001_sentence05""]",2026-03-24T06:51:47.021Z
204,e57001ac-8e42-443e-a431-208cb2a477d0,2,"[""essay0002_sentence02"",""essay0002_sentence01"",""essay0002_sentence03"",""essay0002_sentence04"",""essay0002_sentence05""]",2026-03-24T06:52:51.935Z
232,e57001ac-8e42-443e-a431-208cb2a477d0,3,"[""essay0003_sentence01"",""essay0003_sentence02"",""essay0003_sentence03"",""essay0003_sentence04"",""essay0003_sentence05""]",2026-03-24T06:54:13.281Z
329,e7aad394-bc94-441e-acaa-5f16263da80e,1,"[""essay0001_sentence01"",""essay0001_sentence02"",""essay0001_sentence03"",""essay0001_sentence04"",""essay0001_sentence05""]",2026-03-24T07:16:49.912Z
332,e7aad394-bc94-441e-acaa-5f16263da80e,2,"[""essay0002_sentence01"",""essay0002_sentence02"",""essay0002_sentence03"",""essay0002_sentence04"",""essay0002_sentence05""]",2026-03-24T07:17:37.587Z
334,e7aad394-bc94-441e-acaa-5f16263da80e,3,"[""essay0003_sentence01"",""essay0003_sentence02"",""essay0003_sentence03"",""essay0003_sentence04"",""essay0003_sentence05""]",2026-03-24T07:18:55.186Z
179,eeaa6c37-e447-4b1d-97fe-4af1e90a1925,1,"[""essay0001_sentence01"",""essay0001_sentence04"",""essay0001_sentence02"",""essay0001_sentence03"",""essay0001_sentence05""]",2026-03-24T06:51:51.286Z
337,eeaa6c37-e447-4b1d-97fe-4af1e90a1925,2,"[""essay0002_sentence03"",""essay0002_sentence04"",""essay0002_sentence01"",""essay0002_sentence02"",""essay0002_sentence05""]",2026-03-24T07:46:23.574Z
338,eeaa6c37-e447-4b1d-97fe-4af1e90a1925,3,"[""essay0003_sentence03"",""essay0003_sentence01"",""essay0003_sentence02"",""essay0003_sentence04"",""essay0003_sentence05""]",2026-03-24T07:46:33.726Z
331,eedef376-efca-4064-8582-5337bc9b70dc,1,"[""essay0001_sentence02"",""essay0001_sentence04"",""essay0001_sentence03"",""essay0001_sentence05"",""essay0001_sentence01""]",2026-03-24T07:17:29.178Z
335,eedef376-efca-4064-8582-5337bc9b70dc,2,"[""essay0002_sentence01"",""essay0002_sentence02"",""essay0002_sentence03"",""essay0002_sentence04"",""essay0002_sentence05""]",2026-03-24T07:19:57.606Z
336,eedef376-efca-4064-8582-5337bc9b70dc,3,"[""essay0003_sentence02"",""essay0003_sentence01"",""essay0003_sentence03"",""essay0003_sentence04"",""essay0003_sentence05""]",2026-03-24T07:20:28.072Z
240,f3ee5c11-8b83-48ce-975b-300d775174d6,1,"[""essay0001_sentence01"",""essay0001_sentence02"",""essay0001_sentence03"",""essay0001_sentence04"",""essay0001_sentence05""]",2026-03-24T06:54:46.643Z
253,f3ee5c11-8b83-48ce-975b-300d775174d6,2,"[""essay0002_sentence01"",""essay0002_sentence02"",""essay0002_sentence03"",""essay0002_sentence04"",""essay0002_sentence05""]",2026-03-24T06:56:43.077Z
319,f4fdd9a6-79b8-4dec-9eff-3fe3f8a0e31e,1,"[""essay0001_sentence03"",""essay0001_sentence01"",""essay0001_sentence04"",""essay0001_sentence02"",""essay0001_sentence05""]",2026-03-24T07:15:43.661Z
322,f4fdd9a6-79b8-4dec-9eff-3fe3f8a0e31e,2,"[""essay0002_sentence02"",""essay0002_sentence04"",""essay0002_sentence01"",""essay0002_sentence03"",""essay0002_sentence05""]",2026-03-24T07:15:54.470Z
205,f54682c8-eace-47d6-8cc0-ae2b702ca85b,1,"[""essay0001_sentence05"",""essay0001_sentence04"",""essay0001_sentence03"",""essay0001_sentence01"",""essay0001_sentence02""]",2026-03-24T06:52:52.054Z
234,f54682c8-eace-47d6-8cc0-ae2b702ca85b,2,"[""essay0002_sentence05"",""essay0002_sentence02"",""essay0002_sentence03"",""essay0002_sentence04"",""essay0002_sentence01""]",2026-03-24T06:54:22.167Z
245,f54682c8-eace-47d6-8cc0-ae2b702ca85b,3,"[""essay0003_sentence05"",""essay0003_sentence02"",""essay0003_sentence01"",""essay0003_sentence03"",""essay0003_sentence04""]",2026-03-24T06:55:23.952Z
278,f926b9d8-8191-4748-802c-898cca329240,1,"[""essay0001_sentence01"",""essay0001_sentence02"",""essay0001_sentence03"",""essay0001_sentence04"",""essay0001_sentence05""]",2026-03-24T07:12:04.393Z
283,f926b9d8-8191-4748-802c-898cca329240,2,"[""essay0002_sentence03"",""essay0002_sentence01"",""essay0002_sentence02"",""essay0002_sentence04"",""essay0002_sentence05""]",2026-03-24T07:12:16.054Z
288,f926b9d8-8191-4748-802c-898cca329240,3,"[""essay0003_sentence01"",""essay0003_sentence02"",""essay0003_sentence04"",""essay0003_sentence03"",""essay0003_sentence05""]",2026-03-24T07:12:26.928Z