unit_id,text,meta_json
essay0001_sentence01,"AI literacy refers to the set of competencies that enable individuals to critically evaluate, effectively communicate with, and responsibly use artificial intelligence technologies.","{""source"": ""ai_literacy"", ""essay"": 1, ""sentence"": 1, ""sentence_total"": 5}"
essay0001_sentence02,Research shows that people with higher AI literacy tend to make better-informed decisions when interacting with AI-powered systems.,"{""source"": ""ai_literacy"", ""essay"": 1, ""sentence"": 2, ""sentence_total"": 5}"
essay0001_sentence03,Educational institutions should integrate AI literacy into their core curriculum starting from middle school.,"{""source"": ""ai_literacy"", ""essay"": 1, ""sentence"": 3, ""sentence_total"": 5}"
essay0001_sentence04,Teachers can leverage AI-powered tools to create personalized learning experiences and adaptive assessments for their students.,"{""source"": ""ai_literacy"", ""essay"": 1, ""sentence"": 4, ""sentence_total"": 5}"
essay0001_sentence05,"As AI continues to advance, the gap between AI-literate and AI-illiterate populations may create new forms of digital inequality.","{""source"": ""ai_literacy"", ""essay"": 1, ""sentence"": 5, ""sentence_total"": 5}"
essay0002_sentence01,Machine learning algorithms work by identifying patterns in large datasets and using those patterns to make predictions or decisions.,"{""source"": ""ai_literacy"", ""essay"": 2, ""sentence"": 1, ""sentence_total"": 5}"
essay0002_sentence02,"While AI chatbots can handle routine customer inquiries efficiently, they often struggle with nuanced or emotionally sensitive conversations.","{""source"": ""ai_literacy"", ""essay"": 2, ""sentence"": 2, ""sentence_total"": 5}"
essay0002_sentence03,Companies must ensure transparency in how they use AI systems to make hiring and promotion decisions.,"{""source"": ""ai_literacy"", ""essay"": 2, ""sentence"": 3, ""sentence_total"": 5}"
essay0002_sentence04,Healthcare professionals are using AI-assisted diagnostic tools to detect diseases earlier and improve patient outcomes.,"{""source"": ""ai_literacy"", ""essay"": 2, ""sentence"": 4, ""sentence_total"": 5}"
essay0002_sentence05,The widespread adoption of AI in creative industries may fundamentally reshape how we define authorship and intellectual property.,"{""source"": ""ai_literacy"", ""essay"": 2, ""sentence"": 5, ""sentence_total"": 5}"
essay0003_sentence01,"Bias in AI systems occurs when training data reflects historical prejudices, leading to unfair or discriminatory outputs.","{""source"": ""ai_literacy"", ""essay"": 3, ""sentence"": 1, ""sentence_total"": 5}"
essay0003_sentence02,"Current AI language models can generate highly convincing text, but they lack genuine understanding of meaning and context.","{""source"": ""ai_literacy"", ""essay"": 3, ""sentence"": 2, ""sentence_total"": 5}"
essay0003_sentence03,Developers have an ethical obligation to test their AI systems for bias and to implement safeguards against misuse.,"{""source"": ""ai_literacy"", ""essay"": 3, ""sentence"": 3, ""sentence_total"": 5}"
essay0003_sentence04,Citizens can use fact-checking AI tools to verify the accuracy of news articles and social media posts before sharing them.,"{""source"": ""ai_literacy"", ""essay"": 3, ""sentence"": 4, ""sentence_total"": 5}"
essay0003_sentence05,"Without proper governance frameworks, the rapid deployment of AI could undermine democratic processes and concentrate power in the hands of a few technology companies.","{""source"": ""ai_literacy"", ""essay"": 3, ""sentence"": 5, ""sentence_total"": 5}"